[project; number of commits; number of authors; max time; min time; stars; Num_Forks; Last_Commit_Date; LongestGapStart (YYYY-MM); LongestGapEnd (YYYY-MM); LongestGapLength (months); NumCommitsAfterLastGap; NumberOfGapsInTimeline; ActivityPattern; BeforeThemes; AfterThemes; HypothesizedGapReason; HasRecovered; WhyRecovered; WhoRecovered; Currentstatus; RecentThemes; Notes]

juliagaussianprocesses_abstractgps.jl; 1702; 57; 2026-03-20T12:19:47+00:00; 2020-04-18T15:33:51+00:00; 287; 27; 2026-12-6; 2026-02; 2026-02; 1; 34; 6; Declining; Bug fixes:Security patches; Dependency updates:Other[updating error messages]; This project does not really have gaps as it will jump up and down from month to month to update dependancies and fix bugs; Yes; To fix bugs and update dependancies; The project jumps around people a lot but ST John was the one immediately after the recovery; Active; Bug fixes:Other[code reviews]; This project is sparatic and declining as it will go from little to no commits for a couple of months to a lot and then back down. This is likely due to the high turn over rate as one person will work on the project for a little bit then it gets put onto the next person.
pyushkevich_itksnap; 2597; 61; 2025-10-27T13:24:26+00:00; 2006-12-02T04:22:09+00:00; 445; 218; 2026-3-9; 2010-11; 2011-03; 5; 375; 29; Irregular; Release:Feature development; Bug fixes:Documentation updates; It looks like the main developer stepped away for a few months while the community posted code reviews; Yes; The main developer returned to fix bugs; pyushkevich; Active; Bug fixes:Feature development; This project greatly varies from month to month as the same developer is working on the project. The gaps appear to just be the dev stepping away for a little bit or not having something to immediately add until people submit bugs.
darrencroton_sage; 624; 22; 2025-11-04T10:32:40+00:00; 2012-02-29T04:38:32+00:00; 23; 24; 2026-02-3; 2021-11; 2024-02; 28; 73; 25; Irregular; Bug fixes:Security Patches; Dependency updates:Other[branch merges]; The main developer stepped away for a little while as most of the commits were from another dev and more on the bug fixing side; Yes; The main developer came back and pushed a lot of commits; Darren Croton; Inactive; Bug fixes:Documentation updates; This project has a very notable gap where development slowely declined to nothing before signifigantly jumping to the project's end. The breif recovery of this project was likely the developers way of getting it ready for someone else to maintain as they became to busy to do it themselves. 
nanograv_enterprise; 2012; 71; 2025-10-22T05:52:28+00:00; 2017-01-17T20:13:01+00:00; 76; 86; 2026-15-7; 2025-05; 2025-07; 3; 18; 11; Cyclical; Dependency updates:Other[merging branches]; Other[Unit testing]:Other[branch merges]; The gap was due to the project being handed off for maintenance; Yes; The new developers have taken the project and began making small bug fixes and adding new features; Jeremy Baier and Aaron; Active; Bug fixes:Other[Unit testing]; This project has definately slowed down from where it was during its initial development but the transition took a little bit of time. This breif gap allowed new developers to begin working on the codebase and making bug fixes and slowly begin adding features.
nsidc_mapxmaps; 244; 17; 2025-01-22T21:10:05+00:00; 1992-12-30T10:46:26+00:00; 4; 1; 2025-22-1; 2019-10; 2024-12; 63; 1; 38; Irregular; Documentation updates:Other[merging branches]; Other[content direction change]:Other[Executive Order]; Project was archived; No; N/A; N/A; Inactive; Documentation updates:Other[Announcement]; This project was difficult to determine what the longest inactive period was as there were a couple of longer periods of no commits. This project was very speratic as there would be no commits for a long time then a signifigant jump before going immediately back to inactive likely due to the requirement of the project not really changeing throughout its lifecycle.
kinnala_scikit-fem; 4134; 52; 2026-04-18T12:11:41+00:00; 2017-12-25T14:55:01+00:00; 661; 113; 2026-19-9; 2026-02; 2026-03; 2; 12; 6; Declining; Dependency updates:Documentation updates; Bug fixes:Other[branch merges]; This project changed developers resulting in the breif gap; Yes; The new developer began working on the project and making changes; Jakob Lüdke; Active; Bug fixing:Other[merging branches]; The gap was pretty easy to find as the project has been on a decline from a large amount of commits. This gap was largely due to the main developer changeing and a little bit of time taking place for the new dev to understand the codebase.
alibaba_graphscope; 18627; 221; 2026-04-21T12:43:38+00:00; 2020-07-30T09:59:05+00:00; 3600; 113; 2026-18-6; 2020-07; 2020-11; 5; 0; 4; Declining; Release:Other [introduction commit]; Documentation updates:Feature development; Was a company's internal project that was just getting off of the ground; Yes; The project started to get developed; Company employees (based on the email); Active; Bug fixes:Dependency updates; This was a companies internal project with 2 main gaps at the beginning and end. This follows the expected pattern as the company would have developed the project by starting slow and as the project gets to a complete state less commits will be pushed.
turinglang_bijectors.jl; 2254; 60; 2025-10-27T23:36:59+00:00; 2018-09-13T16:01:44+00:00; 277; 45; 2026-6-9; 2019-05; 2019-06; 2; 572; 7; Cyclical; Bug fixes:Feature development; Feature development:Bug fixes; The gap was towards the beginning of the project and it appears like a new dev was added to the project; Yes; The project actually started to get developed; tor.erlend95@gmail.com immediately after the break but a lot of people have contributed; Active; Bug fixes:Feature development; This project was still early and took a little bit of time to get off the ground resulting in the breif gap. This gap was pretty easy to find as a large protion of the project has had a substantial amount of commits and it just now starting to slow down.
sandialabs_pecos; 544; 16; 2025-04-03T15:06:38+00:00; 2016-01-26T15:47:17+00:00; 76; 50; 2026-10-4; 2022-05; 2023-07; 15; 29; 21; Declining; Documentation updates:Feature development; Dependency updates:Documentation updates; The gap was just after initial release and the developer returned to fix bugs; Yes; The developer is continueing to make bug fixes and adding features; Katherine Klise; Active; Bug fixes:Feature development; This project reached a state where the developer pushed it as a final project before slowing down and only working on bug fixes and the occational feature. The gaps were pretty obvious and clear besides figureing out which one was longer between bug fixes.
sicara_tuto-fsl; 174; 8; 2022-06-02T14:33:23+00:00; 2021-02-01T14:55:42+00:00; 1300; 169; 2024-13-11; 2021-07; 2021-10; 4; 58; 3; Seasonal; Documentation updates:Dependency updates; Feature development:Dependency updates; The project is in a finished state and the maintainer has not updated any dependancies; No; N/A; N/A; Inactive; Dependency updates:Documentation updates; This is a pretty short lived project (16 months in total) with some very small gaps in the middle. With the small timeline and a shorter project is the likely reason the project has gone inactive.
